{"cameraMode":{"drawMode":0,"name":"Shaded","section":"Shading Mode"},"sceneLighting":false,"audioPlay":false,"sceneViewState":{"m_AlwaysRefresh":false,"showFog":true,"showSkybox":false,"showFlares":true,"showImageEffects":true,"showParticleSystems":true,"showVisualEffectGraphs":true,"m_FxEnabled":true},"in2DMode":false,"pivot":{"x":-0.7708735466003418,"y":0.8143264055252075,"z":-2.5767688751220705},"rotation":{"x":0.009785481728613377,"y":-0.9425869584083557,"z":0.027717381715774537,"w":0.33268192410469057},"size":1.981308102607727,"orthographic":true}