{"cameraMode":{"drawMode":0,"name":"Shaded","section":"Shading Mode"},"sceneLighting":false,"audioPlay":false,"sceneViewState":{"m_AlwaysRefresh":false,"showFog":true,"showSkybox":false,"showFlares":true,"showImageEffects":true,"showParticleSystems":true,"showVisualEffectGraphs":true,"m_FxEnabled":true},"in2DMode":false,"pivot":{"x":-0.300589919090271,"y":-0.07501709461212158,"z":0.08373212814331055},"rotation":{"x":0.06519602984189987,"y":0.9347003102302551,"z":-0.25447434186935427,"w":0.2394663393497467},"size":1.0307763814926148,"orthographic":false}