{"cameraMode":{"drawMode":0,"name":"Shaded","section":"Shading Mode"},"sceneLighting":false,"audioPlay":false,"sceneViewState":{"m_AlwaysRefresh":false,"showFog":true,"showSkybox":false,"showFlares":true,"showImageEffects":true,"showParticleSystems":true,"showVisualEffectGraphs":true,"m_FxEnabled":true},"in2DMode":false,"pivot":{"x":-0.20088088512420655,"y":-0.19851183891296388,"z":-0.0930866003036499},"rotation":{"x":-0.23786114156246186,"y":0.3100854158401489,"z":-0.08043725788593292,"w":-0.9169519543647766},"size":1.1277904510498047,"orthographic":false}