{"cameraMode":{"drawMode":0,"name":"Shaded","section":"Shading Mode"},"sceneLighting":true,"audioPlay":false,"sceneViewState":{"m_AlwaysRefresh":false,"showFog":true,"showSkybox":true,"showFlares":true,"showImageEffects":true,"showParticleSystems":true,"showVisualEffectGraphs":true,"m_FxEnabled":true},"in2DMode":false,"pivot":{"x":828.478271484375,"y":181.57281494140626,"z":185.71591186523438},"rotation":{"x":-0.16898536682128907,"y":0.010936381295323372,"z":-0.0018753708573058248,"w":-0.985563337802887},"size":1289.352294921875,"orthographic":false}