{"cameraMode":{"drawMode":0,"name":"Shaded","section":"Shading Mode"},"sceneLighting":false,"audioPlay":false,"sceneViewState":{"m_AlwaysRefresh":false,"showFog":true,"showSkybox":false,"showFlares":true,"showImageEffects":true,"showParticleSystems":true,"showVisualEffectGraphs":true,"m_FxEnabled":true},"in2DMode":false,"pivot":{"x":1.5948742628097535,"y":0.22426825761795045,"z":-6.808015823364258},"rotation":{"x":0.042619526386260989,"y":-0.9428108930587769,"z":0.13267867267131806,"w":0.3028315603733063},"size":0.3897518813610077,"orthographic":false}