{"cameraMode":{"drawMode":0,"name":"Shaded","section":"Shading Mode"},"sceneLighting":false,"audioPlay":false,"sceneViewState":{"m_AlwaysRefresh":false,"showFog":true,"showSkybox":false,"showFlares":true,"showImageEffects":true,"showParticleSystems":true,"showVisualEffectGraphs":true,"m_FxEnabled":true},"in2DMode":false,"pivot":{"x":-0.40266168117523196,"y":-0.39684373140335085,"z":-0.3174648880958557},"rotation":{"x":-0.11430125683546066,"y":0.8778486251831055,"z":-0.260345995426178,"w":-0.3854072093963623},"size":0.9766172766685486,"orthographic":false}